{
	"textures": {
		"0": "custom/portal_flow",
		"particle": "custom/portal_flow"
	},
	"elements": [
		{
			"from": [5, -16, 0],
			"to": [9, 32, 32],
			"faces": {
				"north": {"uv": [0, 0, 4, 16], "texture": "#0"},
				"east": {"uv": [0, 0, 16, 16], "texture": "#0"},
				"south": {"uv": [0, 0, 4, 16], "texture": "#0"},
				"west": {"uv": [0, 0, 16, 16], "texture": "#0"},
				"up": {"uv": [0, 0, 4, 16], "texture": "#0"},
				"down": {"uv": [0, 0, 4, 16], "texture": "#0"}
			}
		}
	],
	"display": {
		"head": {
			"rotation": [0, 90, 0],
			"translation": [-17.5, -14, 0],
			"scale": [2.5, 2.5, 2.5]
		}
	}
}